Case,test_idx,patient_id,y_true,p_before,p_after,delta,crossed,n_edits,first_edit
False Positive,167,1430,0,0.7377961277961731,0.5976182818412781,0.14017784595489502,False,8,ICD_84 @ t=19
Mixed: All Three,183,1304,1,0.7658805251121521,0.5739783644676208,0.19190216064453125,False,8,ICD_13 @ t=18
Mixed: Chronic + Escalation,197,17,1,0.802057683467865,0.608637809753418,0.19341987371444702,False,8,ICD_79 @ t=19
Mixed: Trigger + Chronic,332,2936,1,0.13059811294078827,0.13059811294078827,0.0,True,0,
Mixed: Trigger + Escalation,275,1669,1,0.4150921404361725,0.4150921404361725,0.0,True,0,
Pure Chronic,455,514,1,0.09530943632125854,0.09530943632125854,0.0,True,0,
Pure Late Escalation,80,1090,1,0.03550281003117561,0.03550281003117561,0.0,True,0,
Pure Trigger,554,1668,1,0.6174927353858948,0.4949084520339966,0.1225842833518982,True,5,ICD_50 @ t=18
