Case,test_idx,patient_id,y_true,p_before,p_after,delta,crossed,n_edits,first_edit
False Positive,167,1430,0,0.9968003034591675,0.9905164837837219,0.006283819675445557,False,8,ICD_84 @ t=19
Mixed: All Three,183,1304,1,0.9965124726295471,0.9896104335784912,0.006902039051055908,False,8,ICD_5 @ t=19
Mixed: Chronic + Escalation,197,17,1,0.9908847212791443,0.8975215554237366,0.09336316585540771,False,8,ICD_3 @ t=19
Mixed: Trigger + Chronic,332,2936,1,0.9950079917907715,0.9842937588691711,0.010714232921600342,False,8,ICD_28 @ t=19
Mixed: Trigger + Escalation,275,1669,1,0.03206781670451164,0.03206781670451164,0.0,True,0,
Pure Chronic,455,514,1,0.8137505054473877,0.47354045510292053,0.34021005034446716,True,5,ICD_60 @ t=19
Pure Late Escalation,80,1090,1,0.024991542100906372,0.024991542100906372,0.0,True,0,
Pure Trigger,554,1668,1,0.9891566038131714,0.9609707593917847,0.02818584442138672,False,8,ICD_50 @ t=18
