Case,test_idx,patient_id,y_true,p_before,p_after,delta,crossed,n_edits,first_edit
False Positive,517,2375,0,0.8022028803825378,0.4945119619369507,0.30769091844558716,True,8,ICD_3 @ t=19
Mixed: All Three,234,649,1,0.5676659941673279,0.4742257595062256,0.0934402346611023,True,2,ICD_19 @ t=18
Mixed: Chronic + Escalation,188,429,1,0.8211836814880371,0.45634427666664124,0.3648394048213959,True,8,ICD_3 @ t=18
Mixed: Trigger + Chronic,441,1144,1,0.4106789827346802,0.4106789827346802,0.0,True,0,
Pure Chronic,89,1043,1,0.6300726532936096,0.41346094012260437,0.21661171317100525,True,2,ICD_3 @ t=19
Pure Late Escalation,322,740,1,0.7186069488525391,0.4821748435497284,0.23643210530281067,True,6,ICD_92 @ t=19
Pure Trigger,205,2791,1,0.3268529176712036,0.3268529176712036,0.0,True,0,
