Case,test_idx,patient_id,y_true,p_before,p_after,delta,crossed,n_edits,first_edit
False Positive,517,2375,0,0.6668536067008972,0.4856744110584259,0.1811791956424713,True,8,ICD_3 @ t=19
Mixed: All Three,234,649,1,0.6084628105163574,0.48777294158935547,0.12068986892700195,True,5,ICD_82 @ t=19
Mixed: Chronic + Escalation,188,429,1,0.6898284554481506,0.4880385100841522,0.2017899453639984,True,8,ICD_92 @ t=19
Mixed: Trigger + Chronic,441,1144,1,0.3886713683605194,0.3886713683605194,0.0,True,0,
Pure Chronic,89,1043,1,0.5391082167625427,0.46322980523109436,0.07587841153144836,True,1,ICD_3 @ t=19
Pure Late Escalation,322,740,1,0.6523298025131226,0.49232178926467896,0.1600080132484436,True,8,ICD_92 @ t=19
Pure Trigger,205,2791,1,0.2956070601940155,0.2956070601940155,0.0,True,0,
