Case,test_idx,patient_id,y_true,p_before,p_after,delta,crossed,n_edits,first_edit
False Positive,567,1186,0,0.9782789349555969,0.974911093711853,0.0033678412437438965,False,4,ICD_54 @ t=19
Mixed: All Three,513,113,1,0.9792503118515015,0.9722518920898438,0.006998419761657715,False,8,ICD_45 @ t=19
Mixed: Chronic + Escalation,406,1640,1,0.9724389910697937,0.9545623660087585,0.017876625061035156,False,8,ICD_28 @ t=19
Mixed: Trigger + Chronic,284,1739,1,0.979052722454071,0.977542519569397,0.0015102028846740723,False,3,ICD_53 @ t=19
Mixed: Trigger + Escalation,520,2519,1,0.9775571823120117,0.9695770144462585,0.007980167865753174,False,8,ICD_16 @ t=19
Pure Chronic,421,428,1,0.3531552255153656,0.3531552255153656,0.0,True,0,
Pure Late Escalation,512,448,1,0.8851870894432068,0.44841092824935913,0.43677616119384766,True,7,ICD_10 @ t=17
Pure Trigger,110,592,1,0.9786596894264221,0.9779350757598877,0.0007246136665344238,False,3,ICD_25 @ t=17
