Case,test_idx,patient_id,y_true,p_before,p_after,delta,crossed,n_edits,first_edit
False Positive,567,1186,0,0.9679853916168213,0.9668365120887756,0.0011488795280456543,False,2,ATC_38 @ t=17
Mixed: All Three,513,113,1,0.9539356827735901,0.9431790709495544,0.010756611824035645,False,8,ICD_50 @ t=19
Mixed: Chronic + Escalation,406,1640,1,0.9705515503883362,0.9531741142272949,0.01737743616104126,False,8,ICD_20 @ t=19
Mixed: Trigger + Chronic,284,1739,1,0.9729510545730591,0.9692457914352417,0.003705263137817383,False,2,ICD_53 @ t=19
Mixed: Trigger + Escalation,520,2519,1,0.9769456386566162,0.9678390026092529,0.009106636047363281,False,8,ICD_87 @ t=19
Pure Chronic,421,428,1,0.2647196650505066,0.2647196650505066,0.0,True,0,
Pure Late Escalation,512,448,1,0.8681634068489075,0.7441697120666504,0.12399369478225708,False,8,ICD_10 @ t=17
Pure Trigger,110,592,1,0.9720117449760437,0.9713809490203857,0.000630795955657959,False,3,ATC_11 @ t=17
