Case,test_idx,patient_id,y_true,p_before,p_after,delta,crossed,n_edits,first_edit
False Positive,34,867,0,0.7674620151519775,0.48490431904792786,0.2825576961040497,True,5,ICD_28 @ t=19
Mixed: All Three,504,910,1,0.8495244383811951,0.7516701221466064,0.09785431623458862,False,8,ICD_9 @ t=19
Mixed: Chronic + Escalation,182,2682,1,0.8113721609115601,0.48453179001808167,0.3268403708934784,True,6,ICD_97 @ t=19
Mixed: Trigger + Chronic,598,661,1,0.7567629218101501,0.720066487789154,0.036696434020996094,False,3,ICD_60 @ t=19
Mixed: Trigger + Escalation,306,2460,1,0.8999266624450684,0.8106389045715332,0.08928775787353516,False,8,ICD_24 @ t=19
Pure Chronic,226,822,1,0.5818480253219604,0.4096423387527466,0.17220568656921387,True,2,ATC_25 @ t=18
Pure Late Escalation,402,197,1,0.8738114833831787,0.5914671421051025,0.28234434127807617,False,8,ICD_28 @ t=17
Pure Trigger,537,1141,1,0.7644566893577576,0.5799622535705566,0.18449443578720093,False,3,ATC_15 @ t=17
