Case,test_idx,patient_id,y_true,p_before,p_after,delta,crossed,n_edits,first_edit
False Positive,34,867,0,0.7770121693611145,0.5788632035255432,0.1981489658355713,False,8,ICD_24 @ t=19
Mixed: All Three,504,910,1,0.761148989200592,0.572135865688324,0.18901312351226807,False,8,ICD_67 @ t=19
Mixed: Chronic + Escalation,182,2682,1,0.7823885679244995,0.6014893054962158,0.1808992624282837,False,8,ICD_97 @ t=19
Mixed: Trigger + Chronic,598,661,1,0.402201771736145,0.402201771736145,0.0,True,0,
Mixed: Trigger + Escalation,306,2460,1,0.7217829823493958,0.4780959188938141,0.24368706345558167,True,8,ICD_24 @ t=19
Pure Chronic,226,822,1,0.4150238335132599,0.4150238335132599,0.0,True,0,
Pure Late Escalation,402,197,1,0.7193255424499512,0.4736500680446625,0.2456754744052887,True,8,ICD_26 @ t=19
Pure Trigger,537,1141,1,0.3642725646495819,0.3642725646495819,0.0,True,0,
