Case,test_idx,patient_id,y_true,p_before,p_after,delta,crossed,n_edits,first_edit
False Positive,78,354,0,0.3408648669719696,0.3408648669719696,0.0,True,0,
Mixed: All Three,63,182,1,0.4628767669200897,0.4628767669200897,0.0,True,0,
Mixed: Chronic + Escalation,76,128,1,0.4848557710647583,0.4848557710647583,0.0,True,0,
Mixed: Trigger + Chronic,95,228,1,0.4199269115924835,0.4199269115924835,0.0,True,0,
Mixed: Trigger + Escalation,87,425,1,0.1475871056318283,0.1475871056318283,0.0,True,0,
Pure Chronic,22,450,1,0.3584713935852051,0.3584713935852051,0.0,True,0,
Pure Late Escalation,56,306,1,0.30182716250419617,0.30182716250419617,0.0,True,0,
Pure Trigger,50,69,1,0.3896152079105377,0.3896152079105377,0.0,True,0,
