Case,test_idx,patient_id,y_true,p_before,p_after,delta,crossed,n_edits,first_edit
False Positive,78,354,0,0.9510879516601562,0.9488567113876343,0.0022312402725219727,False,3,ICD_47 @ t=19
Mixed: All Three,63,182,1,0.9754288196563721,0.861336886882782,0.11409193277359009,False,8,ICD_54 @ t=19
Mixed: Chronic + Escalation,76,128,1,0.9608888030052185,0.7333614230155945,0.22752737998962402,False,8,ICD_95 @ t=17
Mixed: Trigger + Chronic,95,228,1,0.9360411763191223,0.9233026504516602,0.012738525867462158,False,1,ICD_83 @ t=18
Mixed: Trigger + Escalation,87,425,1,0.016944626346230507,0.016944626346230507,0.0,True,0,
Pure Chronic,22,450,1,0.8820745944976807,0.8820745944976807,0.0,False,0,
Pure Late Escalation,56,306,1,0.6969648599624634,0.5411670804023743,0.1557977795600891,False,4,ICD_6 @ t=18
Pure Trigger,50,69,1,0.9651748538017273,0.9298344850540161,0.03534036874771118,False,5,ICD_18 @ t=17
