Case,test_idx,patient_id,y_true,p_before,p_after,delta,crossed,n_edits,first_edit
False Positive,493,1019,0,0.9795759916305542,0.9776766300201416,0.0018993616104125977,False,4,ICD_58 @ t=19
Mixed: All Three,1630,2997,1,0.9758939743041992,0.9724709391593933,0.003423035144805908,False,4,ICD_79 @ t=19
Mixed: Chronic + Escalation,1121,614,1,0.6871966123580933,0.4839054346084595,0.2032911777496338,True,5,ICD_2 @ t=19
Mixed: Trigger + Chronic,333,1323,1,0.9761147499084473,0.975864589214325,0.00025016069412231445,False,2,ICD_60 @ t=18
Mixed: Trigger + Escalation,1863,5123,1,0.9774854183197021,0.975413978099823,0.0020714402198791504,False,6,ICD_51 @ t=19
Pure Chronic,872,6041,1,0.4107193648815155,0.4107193648815155,0.0,True,0,
Pure Late Escalation,850,8075,1,0.7246977090835571,0.6705828309059143,0.05411487817764282,False,8,ICD_63 @ t=19
Pure Trigger,320,8163,1,0.9785711169242859,0.9772642850875854,0.0013068318367004395,False,2,ICD_100 @ t=19
