Case,test_idx,patient_id,y_true,p_before,p_after,delta,crossed,n_edits,first_edit
False Positive,493,1019,0,0.9948422312736511,0.9947088956832886,0.00013333559036254883,False,2,ICD_58 @ t=19
Mixed: All Three,1630,2997,1,0.9972746968269348,0.9969538450241089,0.00032085180282592773,False,4,ICD_35 @ t=19
Mixed: Chronic + Escalation,1121,614,1,0.8596851229667664,0.46670615673065186,0.3929789662361145,True,7,ICD_2 @ t=19
Mixed: Trigger + Chronic,333,1323,1,0.997129499912262,0.9968076944351196,0.000321805477142334,False,3,ICD_3 @ t=19
Mixed: Trigger + Escalation,1863,5123,1,0.9971522092819214,0.9968769550323486,0.0002752542495727539,False,5,ICD_51 @ t=19
Pure Chronic,872,6041,1,0.462321937084198,0.462321937084198,0.0,True,0,
Pure Late Escalation,850,8075,1,0.9701259136199951,0.9321667551994324,0.037959158420562744,False,8,ICD_63 @ t=19
Pure Trigger,320,8163,1,0.9970248341560364,0.9968177080154419,0.00020712614059448242,False,2,ICD_100 @ t=19
