Case,test_idx,patient_id,y_true,p_before,p_after,delta,crossed,n_edits,first_edit
False Positive,562,2257,0,0.9833295941352844,0.9260629415512085,0.05726665258407593,False,4,ATC_5 @ t=7
Mixed: All Three,251,785,1,0.9885850548744202,0.9836025238037109,0.0049825310707092285,False,8,ICD_3 @ t=8
Mixed: Chronic + Escalation,426,2070,1,0.9185686707496643,0.6510985493659973,0.267470121383667,False,8,ICD_2 @ t=7
Mixed: Trigger + Chronic,61,1481,1,0.9897854924201965,0.9890291690826416,0.0007563233375549316,False,2,ICD_1 @ t=8
Mixed: Trigger + Escalation,438,2565,1,0.9852038621902466,0.9835044145584106,0.0016994476318359375,False,2,ICD_10 @ t=8
Pure Chronic,53,380,1,0.9336429238319397,0.1738119274377823,0.7598309963941574,True,2,ATC_5 @ t=7
Pure Late Escalation,110,1156,1,0.9296472668647766,0.4880741834640503,0.4415730834007263,True,5,ICD_10 @ t=7
Pure Trigger,15,1223,1,0.990054726600647,0.9894072413444519,0.0006474852561950684,False,3,ICD_44 @ t=9
