Case,test_idx,patient_id,y_true,p_before,p_after,delta,crossed,n_edits,first_edit
False Positive,562,2257,0,0.9947047829627991,0.9865281581878662,0.008176624774932861,False,3,ATC_5 @ t=7
Mixed: All Three,251,785,1,0.996313750743866,0.9951450228691101,0.0011687278747558594,False,8,ICD_90 @ t=9
Mixed: Chronic + Escalation,426,2070,1,0.9677098393440247,0.776999294757843,0.19071054458618164,False,8,ICD_69 @ t=7
Mixed: Trigger + Chronic,61,1481,1,0.9963284134864807,0.9955961108207703,0.0007323026657104492,False,5,ICD_33 @ t=9
Mixed: Trigger + Escalation,438,2565,1,0.9946816563606262,0.9943972826004028,0.00028437376022338867,False,4,ICD_9 @ t=7
Pure Chronic,53,380,1,0.9154396057128906,0.3773249685764313,0.5381146371364594,True,1,ATC_5 @ t=7
Pure Late Escalation,110,1156,1,0.9344848394393921,0.47693508863449097,0.4575497508049011,True,8,ICD_10 @ t=7
Pure Trigger,15,1223,1,0.9958444237709045,0.9953765869140625,0.000467836856842041,False,2,ICD_44 @ t=9
