Case,test_idx,patient_id,y_true,p_before,p_after,delta,crossed,n_edits,first_edit
False Positive,582,2303,0,0.9995418787002563,0.9985070824623108,0.0010347962379455566,False,8,ICD_91 @ t=19
Mixed: All Three,507,2656,1,0.9991989731788635,0.9980236291885376,0.0011753439903259277,False,8,ICD_72 @ t=19
Mixed: Chronic + Escalation,589,1230,1,0.996103048324585,0.9344218969345093,0.061681151390075684,False,8,ICD_63 @ t=17
Mixed: Trigger + Chronic,530,1764,1,0.9992784857749939,0.9970306158065796,0.0022478699684143066,False,8,ICD_3 @ t=19
Pure Chronic,278,2532,1,0.0818805992603302,0.0818805992603302,0.0,True,0,
