Case,test_idx,patient_id,y_true,p_before,p_after,delta,crossed,n_edits,first_edit
False Positive,582,2303,0,0.1706976294517517,0.1706976294517517,0.0,True,0,
Mixed: All Three,507,2656,1,0.988871157169342,0.9349840879440308,0.05388706922531128,False,8,ICD_25 @ t=19
Mixed: Chronic + Escalation,589,1230,1,0.9972578883171082,0.9884246587753296,0.008833229541778564,False,8,ATC_38 @ t=19
Mixed: Trigger + Chronic,530,1764,1,0.9898833632469177,0.9547097682952881,0.03517359495162964,False,8,ICD_66 @ t=19
Pure Chronic,278,2532,1,0.027857037261128426,0.027857037261128426,0.0,True,0,
