Case,test_idx,patient_id,y_true,p_before,p_after,delta,crossed,n_edits,first_edit
Mixed: All Three,411,2461,1,0.42374715209007263,0.42374715209007263,0.0,True,0,
Mixed: Chronic + Escalation,327,2795,1,0.4687079191207886,0.4687079191207886,0.0,True,0,
Mixed: Trigger + Chronic,407,1584,1,0.3464854955673218,0.3464854955673218,0.0,True,0,
Mixed: Trigger + Escalation,283,1181,1,0.3623082935810089,0.3623082935810089,0.0,True,0,
Pure Chronic,233,220,1,0.3483966588973999,0.3483966588973999,0.0,True,0,
Pure Late Escalation,137,432,1,0.3332284092903137,0.3332284092903137,0.0,True,0,
Pure Trigger,24,2057,1,0.3357182443141937,0.3357182443141937,0.0,True,0,
