Case,test_idx,patient_id,y_true,p_before,p_after,delta,crossed,n_edits,first_edit
Mixed: All Three,411,2461,1,0.5118532180786133,0.49048304557800293,0.02137017250061035,True,2,ICD_3 @ t=47
Mixed: Chronic + Escalation,327,2795,1,0.5638360977172852,0.49419930577278137,0.06963679194450378,True,8,ICD_15 @ t=49
Mixed: Trigger + Chronic,407,1584,1,0.36428555846214294,0.36428555846214294,0.0,True,0,
Mixed: Trigger + Escalation,283,1181,1,0.39112988114356995,0.39112988114356995,0.0,True,0,
Pure Chronic,233,220,1,0.36725422739982605,0.36725422739982605,0.0,True,0,
Pure Late Escalation,137,432,1,0.37791213393211365,0.37791213393211365,0.0,True,0,
Pure Trigger,24,2057,1,0.38806217908859253,0.38806217908859253,0.0,True,0,
