Case,test_idx,patient_id,y_true,p_before,p_after,delta,crossed,n_edits,first_edit
False Positive,870,4292,0,0.9213812947273254,0.78451007604599,0.13687121868133545,False,8,ICD_3 @ t=28
Mixed: All Three,226,1391,1,0.944858193397522,0.8463889360427856,0.09846925735473633,False,8,ICD_58 @ t=29
Mixed: Chronic + Escalation,809,2020,1,0.9186584949493408,0.6546550393104553,0.2640034556388855,False,8,ICD_32 @ t=29
Mixed: Trigger + Chronic,800,2902,1,0.8376456499099731,0.6509060263633728,0.18673962354660034,False,8,ICD_3 @ t=29
Pure Chronic,77,1493,1,0.8852804899215698,0.5824113488197327,0.30286914110183716,False,8,ICD_1 @ t=27
Pure Trigger,100,1579,1,0.04981556907296181,0.04981556907296181,0.0,True,0,
