Case,test_idx,patient_id,y_true,p_before,p_after,delta,crossed,n_edits,first_edit
False Positive,870,4292,0,0.7192226052284241,0.5769070386886597,0.1423155665397644,False,8,ICD_78 @ t=29
Mixed: All Three,226,1391,1,0.706703782081604,0.5646133422851562,0.14209043979644775,False,8,ICD_58 @ t=29
Mixed: Chronic + Escalation,809,2020,1,0.6153407096862793,0.4667677879333496,0.1485729217529297,True,4,ICD_20 @ t=29
Mixed: Trigger + Chronic,800,2902,1,0.40517207980155945,0.40517207980155945,0.0,True,0,
Pure Chronic,77,1493,1,0.558209240436554,0.465149462223053,0.09305977821350098,True,2,ICD_1 @ t=27
Pure Trigger,100,1579,1,0.12943343818187714,0.12943343818187714,0.0,True,0,
